{"timestamps": [1466215644.19298], "initial_reset_timestamp": 1466213379.328965, "episode_lengths": [0], "episode_rewards": [0]}